true_bead_C,modeled_error_min_C,modeled_error_max_C,half_LSB_error_max_C,self_heating_estimate_C,source_impedance_ohm,filter_tau_ms,filter_settle_half_LSB_ms,R25_positive_parameter_error_C,beta_positive_parameter_error_C,pullup_positive_parameter_error_C,ADC_2LSB_positive_parameter_error_C
25,-0.7686138532935161,0.7725972775466516,0.05060239693636959,0.34031249999999996,6000.0,0.6,4.5741851679069425,-0.2572796783703666,0.0,0.25772446970808005,-0.20223893290693695
26,-0.8236413026633613,0.8284664213385327,0.05096229269582864,0.3401863415334985,5903.730380721314,0.5903730380721314,4.500792657136174,-0.2590076635256082,0.05017611539750533,0.2594569454057023,-0.20365749627097784
27,-0.8791698141869801,0.8849200807811712,0.051361155791994406,0.33981159123821086,5808.172720443777,0.5808172720443776,4.4279429184159405,-0.26074142714259096,0.10070457976848957,0.261195229687587,-0.20523146370760514
28,-0.9351991707016509,0.9419594538666729,0.051799072289043124,0.33919428366756776,5713.38826428886,0.5713388264288859,4.355682642833949,-0.26248096917095154,0.15158557046981969,0.26293932260432484,-0.2069611052475011
29,-0.9917293705079828,0.9995860632254221,0.052276181195736626,0.33834100796169597,5619.435242705895,0.5619435242705895,4.284056223199809,-0.26422628956066774,0.20281926497733593,0.2646892242063359,-0.2088469020451953
30,-1.0487606200800315,1.057801748029192,0.05279267291319911,0.3372588553002659,5526.368797427529,0.5526368797427529,4.213105697596122,-0.26597738826149,0.2544058408861929,0.2664449345442108,-0.21088953984258296
31,-1.1062933272527289,1.1166086565970659,0.05334878779757446,0.335955365657542,5434.240925001875,0.5434240925001875,4.142870706329414,-0.2677342652232255,0.30634547591068895,0.2682064536684834,-0.2130899029024249
32,-1.164328094855307,1.1760092396577875,0.05394481483034497,0.33443847435558827,5343.100437355799,0.5343100437355799,4.073388461864999,-0.26949692039585216,0.35863834788449367,0.26997378162957375,-0.2154490683798258
33,-1.2228657147603599,1.236006244231021,0.054581090388467146,0.33271645888126145,5252.992938730876,0.5252992938730876,4.004693731243779,-0.2712653537291203,0.41128463476070465,0.2717469184781294,-0.21796830110241672
34,-1.2819071623217155,1.296602708088244,0.05525799710960655,0.33079788639822433,5163.960818235522,0.5163960818235522,3.936818830404254,-0.2730395651726667,0.46428451461201803,0.2735258642646272,-0.22064904873133173
35,-1.3414535911753092,1.357801954758429,0.05597596284479778,0.32869156234767133,5076.043257173977,0.5076043257173977,3.869793629769875,-0.27481955467663965,0.5176381656307285,0.27531061903954424,-0.2234929372787633
36,-1.4015063283788436,1.4196075890473594,0.05673545969375482,0.3264064804916258,4989.276250244659,0.4989276250244659,3.803645570409915,-0.27660532219073275,0.5713457661290136,0.2771011828535279,-0.22650176695645996
37,-1.4620668698687496,1.4820234930388665,0.057537003117772656,0.3239517747114071,4903.692639647481,0.4903692639647481,3.7383996900416587,-0.2783968676646964,0.6254074945387629,0.27889755575699837,-0.22967750833578293
38,-1.5231368762120496,1.545053822550642,0.05838115112499054,0.3213366728319528,4819.322161100308,0.48193221611003084,3.6740786581117106,-0.28019419104845156,0.679823529411749,0.28069973780054625,-0.23302229879550396
39,-1.584718168636016,1.6087030040193326,0.05926850352381052,0.31857045270083795,4736.191500739351,0.47361915007393507,3.6107028191748105,-0.2819972922918055,0.7345940494200818,0.2825077290346485,-0.23653843924086004
40,-1.646812725315499,1.6729757317887675,0.060199701239525893,0.3156624007097145,4654.324361865149,0.46543243618651486,3.548290243778585,-0.28380617134462227,0.7897192333557541,0.28432152950989575,-0.24022839107487926
41,-1.7094226779020119,1.7378769657807425,0.061175425691430974,0.3126217729060487,4573.741540494365,0.4573741540494365,3.486856786061529,-0.28562082815676604,0.8451992601312099,0.286141139276765,-0.24409477340498142
42,-1.7725503082786531,1.80341192952676,0.0621963982260354,0.3094577588049711,4494.461008686949,0.44944610086869485,3.4264161472786525,-0.2874412626779872,0.9010343087790034,0.28796655838579,-0.24814036046961974
43,-1.8361980455252365,1.8695861085404317,0.06326337960268802,0.3061794479751417,4416.498004636796,0.44164980046367963,3.3669799444833735,-0.28926747485826354,0.9572245584524808,0.28979778688750457,-0.25236807927075233
44,-1.9003684630817474,1.936405249013717,0.06437716952859773,0.3027957994391112,4339.865128541203,0.4339865128541203,3.3085577836149547,-0.29109946464717495,1.013770188425326,0.29163482483249936,-0.2567810073973078
45,-1.965064276094381,2.003875356819549,0.06553860624131858,0.2993156138979473,4264.572443298625,0.42645724432986254,3.251157336266874,-0.2929372319948129,1.0706713780918449,0.2934776722711945,-0.2613823710284464
46,-2.030288338934554,2.0720026968049297,0.06674856613358315,0.29574750876206257,4190.627579124675,0.41906275791246755,3.1947844194423114,-0.294780776850871,1.1279283069673625,0.2953263292542374,-0.2661755431035999
47,-2.0960436428782145,2.1407937923610802,0.06800796342054127,0.2920998959453189,4118.035841221712,0.41180358412217116,3.139443077637591,-0.29663009916527017,1.185541154687769,0.2971807958321051,-0.2711640416476939
48,-2.1623333139344822,2.210255425255866,0.06931774984508365,0.28838096235761673,4046.8003196866957,0.40468003196866953,3.085135666631993,-0.29848519888781766,1.2435101010101448,0.29904107205533137,-0.27635152824279885
49,-2.229160610815029,2.2803946357168456,0.07067891441903384,0.28459865301229414,3976.9220008944126,0.39769220008944123,3.031862938402337,-0.30034607596832075,1.3018353258124193,0.30090715797439316,-0.2817418066344999
50,-2.296528923033179,2.3512187227533445,0.07209248319986727,0.28076065664866895,3908.399879647484,0.39083998796474834,2.979624126622133,-0.30221273035664353,1.3605170090939964,0.30277905363993796,-0.28733882146451606
51,-2.3644417691251647,2.422735244706189,0.07355951909812575,0.2768743937568781,3841.2310714403984,0.38412310714403985,2.9284170322476606,-0.30408516200270697,1.4195553309752427,0.30465675910249956,-0.2931466571214969
52,-2.4329027949839883,2.494952020016001,0.07508112171666426,0.27294700688162177,3775.410924240753,0.3775410924240753,2.8782381087359825,-0.3059633708562046,1.478950471698056,0.3065402744124981,-0.29916953670027624
53,-2.5019157722996397,2.5678771282001094,0.07665842721706895,0.2689853530733716,3710.933129246998,0.37109331292469977,2.829082546482686,-0.3078473568671143,1.5387026116259221,0.3084295996205242,-0.3054118210635579
54,-2.571484597097424,2.6415189110300616,0.07829260821392836,0.2649959983498452,3647.7898301369924,0.3647789830136992,2.780944356109069,-0.30973711998512954,1.598811931243688,0.3103247347771685,-0.3118780079978478
55,-2.6416132883669547,2.715885973901493,0.07998487369411578,0.2609852140268949,3585.9717303755892,0.3585971730375589,2.7338164502696025,-0.311632660160285,1.6592786111579585,0.31222567993290795,-0.31857273145726595
56,-2.712305986776528,2.790987187389817,0.08173646896011633,0.2569589747762005,3525.468198201528,0.3525468198201528,2.6876907236901744,-0.31353397734221744,1.7201028320970977,0.3141324351383332,-0.32550076088773494
57,-2.783566953465993,2.8668316889841208,0.08354867559563672,0.25292295826708516,3466.267368963954,0.3466267368963954,2.6425581311857904,-0.3154410714809046,1.7812847749114553,0.31604500044392125,-0.3326670006278505
58,-2.8554005689128985,2.943428884993864,0.08542281145287234,0.24888254625118447,3408.3562445264806,0.3408356244526481,2.5984087634426727,-0.31735394252621063,1.8428246205733672,0.3179633759002627,-0.34007648937807744
59,-2.927811331865769,3.0207884526221846,0.08736023065932841,0.2448428269513927,3351.720789501758,0.33517207895017576,2.555231920384048,-0.3192725904278291,1.9047225501770981,0.31988756155789133,-0.3477343997346338
60,-3.0008038583396797,3.0989203422017226,0.08936232364402485,0.24080859862029516,3296.3460241217517,0.3296346024121751,2.513016181971123,-0.3211970151357946,1.9669787449392402,0.321817557467341,-0.35564603778226456
61,-3.0743828806699867,3.177834779586817,0.09143051718132256,0.23678437413798425,3242.2161135883484,0.3242216113588348,2.471749476320786,-0.3231272165998007,2.0295933861987123,0.3237533636791454,-0.36381684274101644
62,-3.1485532466182917,3.2575422686990123,0.09356627445180266,0.23277438652458768,3189.3144537853923,0.31893144537853924,2.431419145049396,-0.32506319476982526,2.0925666554168174,0.32569498024378163,-0.3722523866633196
63,-3.2233199185278067,3.3380535942216625,0.0957710951187778,0.22878259524884212,3137.623753266731,0.3137623753266731,2.3920120057775325,-0.32700494959561865,2.1558987341771854,0.3276424072118971,-0.3809583741755773
64,-3.2986879725225435,3.4193798244401705,0.09804651542026477,0.22481269322048536,3087.1261114654963,0.3087126111465496,2.3535144117539515,-0.3289524810271587,2.2195898041863416,0.3295956446340256,-0.38994064226176306
65,-3.3746625977478857,3.501532314224278,0.10039410827471329,0.22086811436099407,3037.803093097601,0.3037803093097601,2.3159123085781466,-0.3309057890140821,2.283640047273366,0.33155469256064407,-0.39920516008362483
66,-3.4512490956478246,3.584522708150871,0.10281548340054769,0.21695204165411824,2989.635798757309,0.2989635798757309,2.279191288019885,-0.3328648735063666,2.348049645390063,0.3335195510423432,-0.40875802883539336
67,-3.528452879276017,3.668362943763782,0.10531228744844157,0.213067415584696,2942.6049317250854,0.2942604931725085,2.243336638951118,-0.3348297344538764,2.41281878061136,0.3354902201296568,-0.4186054816279352
68,-3.6062794726372545,3.753065254968817,0.10788620414530214,0.20921694288124315,2896.690861027557,0.28966908610275566,2.20833339542064,-0.3368003718063619,2.4779476351351377,0.3374666998732323,-0.4287538834001907
69,-3.6847345100558755,3.8386421755622564,0.11053895445002127,0.20540310548475363,2851.873680806704,0.2851873680806704,2.174166381915034,-0.3387767855138577,2.5434363912822846,0.33944899032337617,-0.43920973085425885
70,-3.763823735568792,3.925106542892081,0.11327229671957184,0.20162816967293962,2808.133266070313,0.2808133266070313,2.1408202558608176,-0.3407589755260574,2.6092852314971537,0.3414370915307927,-0.44997965241071824
71,-3.8435530023397746,4.012471501648918,0.1160880268857909,0.19789419527573981,2765.449324908567,0.2765449324908567,2.108279547432506,-0.3427469417928819,2.675494338347164,0.3434310035460726,-0.4610704081824224
72,-3.9239282720930078,4.100750507787268,0.11898797864148491,0.1942030449242745,2723.801447272398,0.2723801447272398,2.076528696739478,-0.3447406842641385,2.742063894523369,0.34543072641969275,-0.4724888899625057
73,-4.004955614562675,4.189957332576341,0.1219740236355733,0.19055639328150897,2683.1691504181845,0.2683169150418184,2.0455520884713887,-0.34674020288974816,2.8089940828401723,0.347436260202187,-0.48424212122603194
74,-4.086641206956301,4.280106066778785,0.12504807167766785,0.1869557362086629,2643.531921130605,0.26435319211306046,2.0153340840873595,-0.3487454976194613,2.8762850862360665,0.34944760494414595,-0.49633725713948706
75,-4.1689913334307676,4.371211124958222,0.12821207094970077,0.1834023998268626,2604.869254841182,0.26048692548411817,1.985859051638557,-0.3507565684033125,2.9439370877726674,0.3514647606960466,-0.5087815845806745
